task_id,epoch,evaluation_exact_match_mean,evaluation_exact_match_std,train_loss_mean,validation_loss_mean,learning_rate_mean,checkpoint_epoch_mean,best_evaluation_epoch_mean,reported_iid_accuracy_mean
S1.2_sort,1,0.0,0.0,2.004578,1.791544,0.005,15.6,30.4,0.312
S1.2_sort,2,0.0,0.0,1.608153,1.466745,0.005,15.6,30.4,0.312
S1.2_sort,3,0.008,0.006864,1.272939,1.182783,0.005,15.6,30.4,0.312
S1.2_sort,4,0.039333,0.010625,0.98033,0.988877,0.005,15.6,30.4,0.312
S1.2_sort,5,0.065333,0.004522,0.786065,0.881843,0.005,15.6,30.4,0.312
S1.2_sort,6,0.092,0.017205,0.629376,0.74809,0.005,15.6,30.4,0.312
S1.2_sort,7,0.130667,0.003266,0.512573,0.666153,0.005,15.6,30.4,0.312
S1.2_sort,8,0.169334,0.015114,0.426331,0.62409,0.005,15.6,30.4,0.312
S1.2_sort,9,0.193333,0.015348,0.366738,0.592716,0.005,15.6,30.4,0.312
S1.2_sort,10,0.21,0.02319,0.313287,0.586363,0.005,15.6,30.4,0.312
S1.2_sort,11,0.231333,0.01668,0.27529,0.589621,0.005,15.6,30.4,0.312
S1.2_sort,12,0.244,0.04276,0.238929,0.584498,0.005,15.6,30.4,0.312
S1.2_sort,13,0.265333,0.012754,0.209831,0.564901,0.005,15.6,30.4,0.312
S1.2_sort,14,0.277334,0.04489,0.183507,0.547986,0.005,15.6,30.4,0.312
S1.2_sort,15,0.272667,0.043482,0.158181,0.588936,0.005,15.6,30.4,0.312
S1.2_sort,16,0.28,0.028597,0.15691,0.609358,0.005,15.6,30.4,0.312
S1.2_sort,17,0.304,0.033426,0.139249,0.601967,0.005,15.6,30.4,0.312
S1.2_sort,18,0.32,0.030912,0.115091,0.575079,0.005,15.6,30.4,0.312
S1.2_sort,19,0.321333,0.030521,0.099304,0.562857,0.005,15.6,30.4,0.312
S1.2_sort,20,0.344667,0.029105,0.081739,0.621908,0.005,15.6,30.4,0.312
S1.2_sort,21,0.328667,0.031875,0.067556,0.620425,0.005,15.6,30.4,0.312
S1.2_sort,22,0.356667,0.021082,0.058234,0.58067,0.005,15.6,30.4,0.312
S1.2_sort,23,0.358667,0.030229,0.046857,0.573129,0.005,15.6,30.4,0.312
S1.2_sort,24,0.354667,0.045392,0.035425,0.615784,0.005,15.6,30.4,0.312
S1.2_sort,25,0.372667,0.024349,0.02845,0.596054,0.005,15.6,30.4,0.312
S1.2_sort,26,0.383333,0.024495,0.023173,0.590963,0.005,15.6,30.4,0.312
S1.2_sort,27,0.383333,0.028752,0.017829,0.624497,0.005,15.6,30.4,0.312
S1.2_sort,28,0.394,0.023324,0.014033,0.615137,0.005,15.6,30.4,0.312
S1.2_sort,29,0.392667,0.029318,0.010642,0.61462,0.005,15.6,30.4,0.312
S1.2_sort,30,0.402,0.035503,0.008502,0.613507,0.005,15.6,30.4,0.312
S1.2_sort,31,0.398667,0.029257,0.007092,0.614384,0.0045,15.6,30.4,0.312
S1.2_sort,32,0.404,0.024258,0.00611,0.619711,0.0045,15.6,30.4,0.312
S1.2_sort,33,0.403333,0.032796,0.005501,0.627227,0.004,15.6,30.4,0.312
S1.2_sort,34,0.400667,0.026111,0.005087,0.629153,0.004,15.6,30.4,0.312
S1.2_sort,35,0.402667,0.027358,0.004754,0.635619,0.0035,15.6,30.4,0.312
S1.2_sort,36,0.4,0.028829,0.004466,0.636243,0.0035,15.6,30.4,0.312
S1.2_sort,37,0.400667,0.026026,0.004252,0.640771,0.0035,15.6,30.4,0.312
S1.2_sort,38,0.396,0.024891,0.004059,0.643473,0.0035,15.6,30.4,0.312
S1.2_sort,39,0.400667,0.028394,0.003874,0.648511,0.0035,15.6,30.4,0.312
S1.2_sort,40,0.396,0.025768,0.003699,0.650016,0.003,15.6,30.4,0.312
S1.2_sort,41,0.397333,0.028705,0.003549,0.653772,0.003,15.6,30.4,0.312
S1.2_sort,42,0.397333,0.023981,0.003426,0.656405,0.003,15.6,30.4,0.312
S1.2_sort,43,0.396,0.023982,0.003316,0.660038,0.003,15.6,30.4,0.312
S1.2_sort,44,0.397333,0.027439,0.003203,0.66109,0.0025,15.6,30.4,0.312
S1.2_sort,45,0.395333,0.029635,0.003097,0.663547,0.0025,15.6,30.4,0.312
S1.2_sort,46,0.400667,0.024166,0.003017,0.666314,0.0025,15.6,30.4,0.312
S1.2_sort,47,0.395333,0.023438,0.002924,0.667502,0.0025,15.6,30.4,0.312
S1.2_sort,48,0.396,0.023795,0.00285,0.66993,0.0025,15.6,30.4,0.312
S1.2_sort,49,0.396667,0.023381,0.00277,0.673506,0.0025,15.6,30.4,0.312
S1.2_sort,50,0.395333,0.028952,0.002702,0.674364,0.0025,15.6,30.4,0.312
S1.2_sort,51,0.392667,0.02792,0.002631,0.676295,0.0025,15.6,30.4,0.312
S1.2_sort,52,0.396667,0.02319,0.002564,0.679831,0.00225,15.6,30.4,0.312
S1.2_sort,53,0.400667,0.023513,0.002502,0.680906,0.00225,15.6,30.4,0.312
S1.2_sort,54,0.400667,0.025333,0.00244,0.682692,0.002,15.6,30.4,0.312
S1.2_sort,55,0.395333,0.023532,0.002388,0.684995,0.002,15.6,30.4,0.312
S1.2_sort,56,0.396,0.021019,0.002341,0.685791,0.00175,15.6,30.4,0.312
S1.2_sort,57,0.396667,0.019091,0.002298,0.688267,0.00175,15.6,30.4,0.312
S1.2_sort,58,0.396,0.021019,0.002259,0.689451,0.00175,15.6,30.4,0.312
S1.2_sort,59,0.394667,0.023627,0.00222,0.690201,0.00175,15.6,30.4,0.312
S1.2_sort,60,0.394667,0.021354,0.00218,0.691898,0.00175,15.6,30.4,0.312
S1.2_sort,61,0.393333,0.021396,0.002146,0.69384,0.0015,15.6,30.4,0.312
S1.2_sort,62,0.395333,0.022765,0.002108,0.695003,0.0015,15.6,30.4,0.312
S1.2_sort,63,0.394667,0.019844,0.00208,0.696789,0.0015,15.6,30.4,0.312
S1.2_sort,64,0.395333,0.022071,0.002051,0.696563,0.0015,15.6,30.4,0.312
S1.2_sort,65,0.395333,0.023152,0.002021,0.698939,0.00125,15.6,30.4,0.312
S1.2_sort,66,0.394,0.019821,0.001996,0.699486,0.00125,15.6,30.4,0.312
S1.2_sort,67,0.394,0.02245,0.001967,0.701284,0.00125,15.6,30.4,0.312
S1.2_sort,68,0.394,0.02294,0.001945,0.701906,0.00125,15.6,30.4,0.312
S1.2_sort,69,0.396,0.021848,0.001923,0.702658,0.00125,15.6,30.4,0.312
S1.2_sort,70,0.395333,0.021868,0.0019,0.703688,0.00125,15.6,30.4,0.312
S1.2_sort,71,0.394,0.021848,0.001876,0.704568,0.00125,15.6,30.4,0.312
S1.2_sort,72,0.395333,0.022071,0.001849,0.705919,0.00125,15.6,30.4,0.312
S1.2_sort,73,0.394667,0.019844,0.001833,0.707257,0.001125,15.6,30.4,0.312
S1.2_sort,74,0.396,0.021124,0.001808,0.707997,0.001125,15.6,30.4,0.312
S1.2_sort,75,0.393333,0.02087,0.00179,0.709488,0.001,15.6,30.4,0.312
S1.2_sort,76,0.392667,0.021124,0.001772,0.710136,0.001,15.6,30.4,0.312
S1.2_sort,77,0.395333,0.020613,0.001754,0.710793,0.000875,15.6,30.4,0.312
S1.2_sort,78,0.392667,0.018547,0.001738,0.711794,0.000875,15.6,30.4,0.312
S1.2_sort,79,0.394667,0.020827,0.001723,0.712452,0.000875,15.6,30.4,0.312
S1.2_sort,80,0.394667,0.022371,0.001709,0.713415,0.000875,15.6,30.4,0.312
S1.2_sort,81,0.394,0.021334,0.001696,0.713597,0.000875,15.6,30.4,0.312
S1.2_sort,82,0.392667,0.022151,0.001682,0.714916,0.00075,15.6,30.4,0.312
S1.2_sort,83,0.394,0.020265,0.001667,0.715662,0.00075,15.6,30.4,0.312
S1.2_sort,84,0.395333,0.021458,0.001657,0.715875,0.00075,15.6,30.4,0.312
S1.2_sort,85,0.394667,0.023907,0.001642,0.716624,0.00075,15.6,30.4,0.312
S1.2_sort,86,0.393333,0.021082,0.001633,0.717348,0.000625,15.6,30.4,0.312
S1.2_sort,87,0.394,0.020912,0.001621,0.717969,0.000625,15.6,30.4,0.312
S1.2_sort,88,0.393333,0.021807,0.001609,0.718351,0.000625,15.6,30.4,0.312
S1.2_sort,89,0.394667,0.023056,0.001599,0.718894,0.000625,15.6,30.4,0.312
S1.2_sort,90,0.393333,0.021807,0.001589,0.719451,0.000625,15.6,30.4,0.312
S1.2_sort,91,0.394,0.022051,0.001579,0.720132,0.000625,15.6,30.4,0.312
S1.2_sort,92,0.392667,0.021644,0.001568,0.720614,0.000625,15.6,30.4,0.312
S1.2_sort,93,0.394667,0.02197,0.00156,0.721237,0.000625,15.6,30.4,0.312
S1.2_sort,94,0.393333,0.022706,0.00155,0.721823,0.0005625,15.6,30.4,0.312
S1.2_sort,95,0.394667,0.019618,0.001541,0.722481,0.0005625,15.6,30.4,0.312
S1.2_sort,96,0.392667,0.021644,0.001531,0.723096,0.0005,15.6,30.4,0.312
S1.2_sort,97,0.392667,0.021644,0.001523,0.723542,0.0005,15.6,30.4,0.312
S1.2_sort,98,0.392667,0.022745,0.001516,0.723728,0.0004375,15.6,30.4,0.312
S1.2_sort,99,0.394667,0.023056,0.001507,0.724154,0.0004375,15.6,30.4,0.312
S1.2_sort,100,0.393333,0.023758,0.0015,0.724838,0.0004375,15.6,30.4,0.312
S1.2_sort,101,0.394,0.02444,0.001496,0.72518,0.0004375,15.6,30.4,0.312
S1.2_sort,102,0.393333,0.022706,0.001488,0.725384,0.0004375,15.6,30.4,0.312
S1.2_sort,103,0.396,0.020806,0.001481,0.725908,0.000375,15.6,30.4,0.312
S1.2_sort,104,0.395333,0.024093,0.001475,0.726162,0.000375,15.6,30.4,0.312
S1.2_sort,105,0.393333,0.024676,0.001471,0.72666,0.000375,15.6,30.4,0.312
S1.2_sort,106,0.396,0.021643,0.001464,0.726954,0.000375,15.6,30.4,0.312
S1.2_sort,107,0.394,0.02294,0.001459,0.727277,0.0003125,15.6,30.4,0.312
S1.2_sort,108,0.396,0.021643,0.001453,0.727609,0.0003125,15.6,30.4,0.312
S1.2_sort,109,0.396,0.02245,0.001448,0.728009,0.0003125,15.6,30.4,0.312
S1.2_sort,110,0.396,0.02245,0.001444,0.72829,0.0003125,15.6,30.4,0.312
S1.2_sort,111,0.394667,0.023532,0.001436,0.728527,0.0003125,15.6,30.4,0.312
S1.2_sort,112,0.394,0.023981,0.001434,0.728857,0.0003125,15.6,30.4,0.312
S1.2_sort,113,0.395333,0.022171,0.001429,0.729124,0.0003125,15.6,30.4,0.312
S1.2_sort,114,0.396,0.022843,0.001424,0.729415,0.0003125,15.6,30.4,0.312
S1.2_sort,115,0.396667,0.021909,0.00142,0.729667,0.00028125,15.6,30.4,0.312
S1.2_sort,116,0.396667,0.021909,0.001414,0.730052,0.00028125,15.6,30.4,0.312
S1.2_sort,117,0.396667,0.021909,0.001409,0.73031,0.00025,15.6,30.4,0.312
S1.2_sort,118,0.396,0.02245,0.001405,0.73056,0.00025,15.6,30.4,0.312
S1.2_sort,119,0.396667,0.023476,0.001404,0.73089,0.00021875,15.6,30.4,0.312
S1.2_sort,120,0.397333,0.022939,0.001397,0.731065,0.00021875,15.6,30.4,0.312
S1.2_sort,121,0.397333,0.022939,0.001393,0.731341,0.00021875,15.6,30.4,0.312
S1.2_sort,122,0.396667,0.021909,0.00139,0.731613,0.00021875,15.6,30.4,0.312
S1.2_sort,123,0.396667,0.021909,0.001388,0.731904,0.00021875,15.6,30.4,0.312
S1.2_sort,124,0.396667,0.021909,0.001384,0.732102,0.0001875,15.6,30.4,0.312
S1.2_sort,125,0.396,0.022843,0.001382,0.732312,0.0001875,15.6,30.4,0.312
S1.2_sort,126,0.397333,0.022939,0.001378,0.732496,0.0001875,15.6,30.4,0.312
S1.2_sort,127,0.398,0.02247,0.001376,0.732682,0.0001875,15.6,30.4,0.312
S1.2_sort,128,0.397333,0.023419,0.001373,0.732808,0.00015625,15.6,30.4,0.312
S1.2_sort,129,0.398,0.02247,0.001369,0.732965,0.00015625,15.6,30.4,0.312
S1.2_sort,130,0.398,0.02247,0.001366,0.733247,0.00015625,15.6,30.4,0.312
S1.2_sort,131,0.398,0.02247,0.001364,0.733426,0.00015625,15.6,30.4,0.312
S1.2_sort,132,0.398,0.02247,0.001362,0.733527,0.00015625,15.6,30.4,0.312
S1.2_sort,133,0.397333,0.023419,0.00136,0.733668,0.00015625,15.6,30.4,0.312
S1.2_sort,134,0.398,0.02247,0.001357,0.733882,0.00015625,15.6,30.4,0.312
S1.2_sort,135,0.398,0.02247,0.001354,0.734153,0.00015625,15.6,30.4,0.312
S1.2_sort,136,0.397333,0.022939,0.001352,0.734346,0.00014063,15.6,30.4,0.312
S1.2_sort,137,0.398,0.02247,0.001348,0.734405,0.00014063,15.6,30.4,0.312
S1.2_sort,138,0.398,0.02247,0.001347,0.734523,0.000125,15.6,30.4,0.312
S1.2_sort,139,0.398,0.02247,0.001345,0.734737,0.000125,15.6,30.4,0.312
S1.2_sort,140,0.397333,0.022939,0.001342,0.734903,0.00010938,15.6,30.4,0.312
S1.2_sort,141,0.397333,0.022939,0.00134,0.734948,0.00010938,15.6,30.4,0.312
S1.2_sort,142,0.398,0.02247,0.001338,0.735129,0.00010938,15.6,30.4,0.312
S1.2_sort,143,0.397333,0.022939,0.001336,0.735275,0.00010938,15.6,30.4,0.312
S1.2_sort,144,0.397333,0.022939,0.001335,0.735359,0.00010938,15.6,30.4,0.312
S1.2_sort,145,0.396667,0.023851,0.001334,0.735517,9.375e-05,15.6,30.4,0.312
S1.2_sort,146,0.397333,0.022939,0.001331,0.735586,9.375e-05,15.6,30.4,0.312
S1.2_sort,147,0.397333,0.022939,0.001329,0.735706,9.375e-05,15.6,30.4,0.312
S1.2_sort,148,0.397333,0.022939,0.001328,0.735836,9.375e-05,15.6,30.4,0.312
S1.2_sort,149,0.397333,0.022939,0.001327,0.735953,7.813e-05,15.6,30.4,0.312
S1.2_sort,150,0.396667,0.023851,0.001325,0.736024,7.813e-05,15.6,30.4,0.312
S1.2_sort,151,0.397333,0.022939,0.001325,0.736086,7.813e-05,15.6,30.4,0.312
S1.2_sort,152,0.397333,0.022939,0.001321,0.736201,7.813e-05,15.6,30.4,0.312
S1.2_sort,153,0.397333,0.022939,0.001321,0.736303,7.813e-05,15.6,30.4,0.312
S1.2_sort,154,0.396667,0.023851,0.00132,0.736411,7.813e-05,15.6,30.4,0.312
S1.2_sort,155,0.397333,0.022939,0.001318,0.73651,7.813e-05,15.6,30.4,0.312
S1.2_sort,156,0.397333,0.022939,0.001317,0.736621,7.813e-05,15.6,30.4,0.312
S1.2_sort,157,0.396667,0.023851,0.001314,0.736696,7.032e-05,15.6,30.4,0.312
S1.2_sort,158,0.397333,0.022939,0.001315,0.736756,7.032e-05,15.6,30.4,0.312
S1.2_sort,159,0.396667,0.023851,0.001313,0.736855,6.25e-05,15.6,30.4,0.312
S1.2_sort,160,0.398,0.02247,0.001311,0.73696,6.25e-05,15.6,30.4,0.312
S1.2_sort,161,0.397333,0.022939,0.00131,0.737056,5.469e-05,15.6,30.4,0.312
S1.2_sort,162,0.398,0.02247,0.001309,0.737144,5.469e-05,15.6,30.4,0.312
S1.2_sort,163,0.398,0.02247,0.001307,0.737181,5.469e-05,15.6,30.4,0.312
S1.2_sort,164,0.398,0.02247,0.001306,0.737298,5.469e-05,15.6,30.4,0.312
S1.2_sort,165,0.398,0.02247,0.001307,0.737328,5.469e-05,15.6,30.4,0.312
S1.2_sort,166,0.398,0.02247,0.001304,0.737399,4.687e-05,15.6,30.4,0.312
S1.2_sort,167,0.398,0.02247,0.001303,0.737454,4.687e-05,15.6,30.4,0.312
S1.2_sort,168,0.397333,0.023419,0.001304,0.737544,4.687e-05,15.6,30.4,0.312
S1.2_sort,169,0.397333,0.023419,0.001302,0.737597,4.687e-05,15.6,30.4,0.312
S1.2_sort,170,0.397333,0.023419,0.001303,0.737653,3.906e-05,15.6,30.4,0.312
S1.2_sort,171,0.397333,0.023419,0.0013,0.737699,3.906e-05,15.6,30.4,0.312
S1.2_sort,172,0.397333,0.023419,0.001301,0.737751,3.906e-05,15.6,30.4,0.312
S1.2_sort,173,0.398,0.02247,0.0013,0.737799,3.906e-05,15.6,30.4,0.312
S1.2_sort,174,0.397333,0.023419,0.001299,0.73786,3.906e-05,15.6,30.4,0.312
S1.2_sort,175,0.397333,0.023419,0.001298,0.737917,3.906e-05,15.6,30.4,0.312
S1.2_sort,176,0.397333,0.023419,0.001297,0.73799,3.906e-05,15.6,30.4,0.312
S1.2_sort,177,0.397333,0.023419,0.001296,0.738017,3.906e-05,15.6,30.4,0.312
S1.2_sort,178,0.397333,0.023419,0.001296,0.738077,3.515e-05,15.6,30.4,0.312
S1.2_sort,179,0.397333,0.023419,0.001294,0.738115,3.515e-05,15.6,30.4,0.312
S1.2_sort,180,0.397333,0.023419,0.001293,0.738159,3.125e-05,15.6,30.4,0.312
S1.2_sort,181,0.397333,0.023419,0.001294,0.738235,3.125e-05,15.6,30.4,0.312
S1.2_sort,182,0.397333,0.023419,0.001293,0.738282,2.734e-05,15.6,30.4,0.312
S1.2_sort,183,0.398,0.02247,0.001293,0.738306,2.734e-05,15.6,30.4,0.312
S1.2_sort,184,0.397333,0.023419,0.001292,0.738322,2.734e-05,15.6,30.4,0.312
S1.2_sort,185,0.397333,0.023419,0.00129,0.738367,2.734e-05,15.6,30.4,0.312
S1.2_sort,186,0.397333,0.023419,0.00129,0.738411,2.734e-05,15.6,30.4,0.312
S1.2_sort,187,0.397333,0.023419,0.001289,0.738457,2.344e-05,15.6,30.4,0.312
S1.2_sort,188,0.397333,0.023419,0.00129,0.738487,2.344e-05,15.6,30.4,0.312
S1.2_sort,189,0.397333,0.023419,0.00129,0.738511,2.344e-05,15.6,30.4,0.312
S1.2_sort,190,0.397333,0.023419,0.001288,0.738562,2.344e-05,15.6,30.4,0.312
S1.2_sort,191,0.397333,0.023419,0.001289,0.738575,1.953e-05,15.6,30.4,0.312
S1.2_sort,192,0.397333,0.023419,0.001288,0.738606,1.953e-05,15.6,30.4,0.312
S1.2_sort,193,0.397333,0.023419,0.001286,0.738648,1.953e-05,15.6,30.4,0.312
S1.2_sort,194,0.397333,0.023419,0.001286,0.738676,1.953e-05,15.6,30.4,0.312
S1.2_sort,195,0.397333,0.023419,0.001285,0.738701,1.953e-05,15.6,30.4,0.312
S1.2_sort,196,0.397333,0.023419,0.001286,0.738748,1.953e-05,15.6,30.4,0.312
S1.2_sort,197,0.397333,0.023419,0.001286,0.738777,1.953e-05,15.6,30.4,0.312
S1.2_sort,198,0.397333,0.023419,0.001285,0.738797,1.953e-05,15.6,30.4,0.312
S1.2_sort,199,0.397333,0.023419,0.001284,0.738828,1.758e-05,15.6,30.4,0.312
S1.2_sort,200,0.397333,0.023419,0.001284,0.73887,1.758e-05,15.6,30.4,0.312
S1.4_count_symbol,1,0.624666,0.105927,1.48601,0.940575,0.005,161.2,14.0,0.991333
S1.4_count_symbol,2,0.840667,0.018062,0.638815,0.417826,0.005,161.2,14.0,0.991333
S1.4_count_symbol,3,0.916,0.028394,0.321718,0.224623,0.005,161.2,14.0,0.991333
S1.4_count_symbol,4,0.96,0.012472,0.171873,0.125923,0.005,161.2,14.0,0.991333
S1.4_count_symbol,5,0.964,0.03428,0.117414,0.11872,0.005,161.2,14.0,0.991333
S1.4_count_symbol,6,0.940667,0.045334,0.097379,0.192715,0.005,161.2,14.0,0.991333
S1.4_count_symbol,7,0.966666,0.016465,0.098285,0.118737,0.005,161.2,14.0,0.991333
S1.4_count_symbol,8,0.972667,0.015692,0.07401,0.074751,0.005,161.2,14.0,0.991333
S1.4_count_symbol,9,0.982,0.014236,0.064725,0.060722,0.005,161.2,14.0,0.991333
S1.4_count_symbol,10,0.980667,0.020591,0.041021,0.044493,0.005,161.2,14.0,0.991333
S1.4_count_symbol,11,0.991333,0.009798,0.030809,0.034115,0.005,161.2,14.0,0.991333
S1.4_count_symbol,12,0.988667,0.008844,0.024086,0.019559,0.005,161.2,14.0,0.991333
S1.4_count_symbol,13,0.99,0.007303,0.017724,0.023148,0.005,161.2,14.0,0.991333
S1.4_count_symbol,14,0.990667,0.009286,0.01269,0.015891,0.005,161.2,14.0,0.991333
S1.4_count_symbol,15,0.99,0.008433,0.011493,0.035713,0.005,161.2,14.0,0.991333
S1.4_count_symbol,16,0.993333,0.006992,0.009563,0.018477,0.005,161.2,14.0,0.991333
S1.4_count_symbol,17,0.992667,0.009753,0.009833,0.022267,0.005,161.2,14.0,0.991333
S1.4_count_symbol,18,0.992667,0.005735,0.007095,0.049943,0.005,161.2,14.0,0.991333
S1.4_count_symbol,19,0.995333,0.003399,0.00791,0.029084,0.005,161.2,14.0,0.991333
S1.4_count_symbol,20,0.991333,0.009333,0.003547,0.01425,0.005,161.2,14.0,0.991333
S1.4_count_symbol,21,0.992,0.009569,0.00433,0.01641,0.005,161.2,14.0,0.991333
S1.4_count_symbol,22,0.995333,0.004989,0.003272,0.017772,0.005,161.2,14.0,0.991333
S1.4_count_symbol,23,0.994,0.004422,0.002121,0.018475,0.005,161.2,14.0,0.991333
S1.4_count_symbol,24,0.992,0.008055,0.001696,0.020039,0.005,161.2,14.0,0.991333
S1.4_count_symbol,25,0.992,0.008055,0.001161,0.020834,0.005,161.2,14.0,0.991333
S1.4_count_symbol,26,0.992667,0.006799,0.000897,0.022336,0.005,161.2,14.0,0.991333
S1.4_count_symbol,27,0.992667,0.006799,0.000769,0.023077,0.005,161.2,14.0,0.991333
S1.4_count_symbol,28,0.993333,0.005578,0.00068,0.024034,0.005,161.2,14.0,0.991333
S1.4_count_symbol,29,0.992667,0.006799,0.000522,0.024656,0.005,161.2,14.0,0.991333
S1.4_count_symbol,30,0.992667,0.006799,0.000467,0.024391,0.005,161.2,14.0,0.991333
S1.4_count_symbol,31,0.992667,0.006799,0.000416,0.02592,0.005,161.2,14.0,0.991333
S1.4_count_symbol,32,0.992667,0.006799,0.00037,0.025833,0.005,161.2,14.0,0.991333
S1.4_count_symbol,33,0.992667,0.006799,0.00033,0.026304,0.0045,161.2,14.0,0.991333
S1.4_count_symbol,34,0.992667,0.006799,0.000303,0.026266,0.0045,161.2,14.0,0.991333
S1.4_count_symbol,35,0.992667,0.006799,0.000283,0.02644,0.0045,161.2,14.0,0.991333
S1.4_count_symbol,36,0.992667,0.006799,0.000263,0.02676,0.0045,161.2,14.0,0.991333
S1.4_count_symbol,37,0.992667,0.006799,0.000247,0.026678,0.0045,161.2,14.0,0.991333
S1.4_count_symbol,38,0.992667,0.006799,0.000232,0.026975,0.0045,161.2,14.0,0.991333
S1.4_count_symbol,39,0.992667,0.006799,0.000218,0.02733,0.0045,161.2,14.0,0.991333
S1.4_count_symbol,40,0.992667,0.006799,0.000207,0.027215,0.0045,161.2,14.0,0.991333
S1.4_count_symbol,41,0.992667,0.006799,0.000196,0.027424,0.0045,161.2,14.0,0.991333
S1.4_count_symbol,42,0.992667,0.006799,0.000185,0.027714,0.0045,161.2,14.0,0.991333
S1.4_count_symbol,43,0.992667,0.006799,0.000175,0.02774,0.0045,161.2,14.0,0.991333
S1.4_count_symbol,44,0.992667,0.006799,0.000167,0.027953,0.0045,161.2,14.0,0.991333
S1.4_count_symbol,45,0.992667,0.006799,0.000159,0.027994,0.0045,161.2,14.0,0.991333
S1.4_count_symbol,46,0.992667,0.006799,0.000152,0.028203,0.0045,161.2,14.0,0.991333
S1.4_count_symbol,47,0.992667,0.006799,0.000144,0.028221,0.0045,161.2,14.0,0.991333
S1.4_count_symbol,48,0.992667,0.006799,0.000138,0.028265,0.0045,161.2,14.0,0.991333
S1.4_count_symbol,49,0.992667,0.006799,0.000132,0.028552,0.0045,161.2,14.0,0.991333
S1.4_count_symbol,50,0.992667,0.006799,0.000126,0.028458,0.0045,161.2,14.0,0.991333
S1.4_count_symbol,51,0.992667,0.006799,0.000121,0.028639,0.0045,161.2,14.0,0.991333
S1.4_count_symbol,52,0.992667,0.006799,0.000116,0.029008,0.0045,161.2,14.0,0.991333
S1.4_count_symbol,53,0.992667,0.006799,0.000112,0.028772,0.0045,161.2,14.0,0.991333
S1.4_count_symbol,54,0.992667,0.006799,0.000107,0.028909,0.00425,161.2,14.0,0.991333
S1.4_count_symbol,55,0.992667,0.006799,0.000104,0.029106,0.00425,161.2,14.0,0.991333
S1.4_count_symbol,56,0.992667,0.006799,0.0001,0.029115,0.00425,161.2,14.0,0.991333
S1.4_count_symbol,57,0.992667,0.006799,9.7e-05,0.029188,0.00425,161.2,14.0,0.991333
S1.4_count_symbol,58,0.992667,0.006799,9.4e-05,0.02929,0.00425,161.2,14.0,0.991333
S1.4_count_symbol,59,0.992667,0.006799,9.1e-05,0.029352,0.00425,161.2,14.0,0.991333
S1.4_count_symbol,60,0.992667,0.006799,8.8e-05,0.029346,0.00425,161.2,14.0,0.991333
S1.4_count_symbol,61,0.992,0.008055,8.5e-05,0.029312,0.00425,161.2,14.0,0.991333
S1.4_count_symbol,62,0.992,0.008055,8.3e-05,0.029346,0.00425,161.2,14.0,0.991333
S1.4_count_symbol,63,0.992,0.008055,8.1e-05,0.029447,0.00425,161.2,14.0,0.991333
S1.4_count_symbol,64,0.992,0.008055,7.8e-05,0.029458,0.00425,161.2,14.0,0.991333
S1.4_count_symbol,65,0.992,0.008055,7.6e-05,0.029571,0.00425,161.2,14.0,0.991333
S1.4_count_symbol,66,0.992,0.008055,7.4e-05,0.029704,0.00425,161.2,14.0,0.991333
S1.4_count_symbol,67,0.992,0.008055,7.2e-05,0.029666,0.00425,161.2,14.0,0.991333
S1.4_count_symbol,68,0.992,0.008055,7e-05,0.02979,0.00425,161.2,14.0,0.991333
S1.4_count_symbol,69,0.992,0.008055,6.8e-05,0.029777,0.00425,161.2,14.0,0.991333
S1.4_count_symbol,70,0.992,0.008055,6.7e-05,0.02986,0.00425,161.2,14.0,0.991333
S1.4_count_symbol,71,0.992,0.008055,6.5e-05,0.029867,0.00425,161.2,14.0,0.991333
S1.4_count_symbol,72,0.992,0.008055,6.4e-05,0.029895,0.00425,161.2,14.0,0.991333
S1.4_count_symbol,73,0.992,0.008055,6.2e-05,0.029978,0.00425,161.2,14.0,0.991333
S1.4_count_symbol,74,0.992,0.008055,6e-05,0.030065,0.00425,161.2,14.0,0.991333
S1.4_count_symbol,75,0.992,0.008055,5.9e-05,0.030189,0.004125,161.2,14.0,0.991333
S1.4_count_symbol,76,0.992,0.008055,5.8e-05,0.030194,0.004125,161.2,14.0,0.991333
S1.4_count_symbol,77,0.992,0.008055,5.6e-05,0.030247,0.004125,161.2,14.0,0.991333
S1.4_count_symbol,78,0.992,0.008055,5.5e-05,0.030253,0.004125,161.2,14.0,0.991333
S1.4_count_symbol,79,0.992,0.008055,5.4e-05,0.030258,0.004125,161.2,14.0,0.991333
S1.4_count_symbol,80,0.992,0.008055,5.3e-05,0.030289,0.004125,161.2,14.0,0.991333
S1.4_count_symbol,81,0.992,0.008055,5.2e-05,0.030334,0.004125,161.2,14.0,0.991333
S1.4_count_symbol,82,0.992,0.008055,5.1e-05,0.030407,0.004125,161.2,14.0,0.991333
S1.4_count_symbol,83,0.992,0.008055,5e-05,0.030382,0.004125,161.2,14.0,0.991333
S1.4_count_symbol,84,0.992,0.008055,4.9e-05,0.030384,0.004125,161.2,14.0,0.991333
S1.4_count_symbol,85,0.992,0.008055,4.8e-05,0.030432,0.004125,161.2,14.0,0.991333
S1.4_count_symbol,86,0.992,0.008055,4.7e-05,0.030445,0.004125,161.2,14.0,0.991333
S1.4_count_symbol,87,0.992,0.008055,4.6e-05,0.030495,0.004125,161.2,14.0,0.991333
S1.4_count_symbol,88,0.992,0.008055,4.6e-05,0.03052,0.004125,161.2,14.0,0.991333
S1.4_count_symbol,89,0.992,0.008055,4.5e-05,0.030569,0.004125,161.2,14.0,0.991333
S1.4_count_symbol,90,0.992,0.008055,4.4e-05,0.030589,0.004125,161.2,14.0,0.991333
S1.4_count_symbol,91,0.992,0.008055,4.3e-05,0.030611,0.004125,161.2,14.0,0.991333
S1.4_count_symbol,92,0.992,0.008055,4.2e-05,0.030629,0.004125,161.2,14.0,0.991333
S1.4_count_symbol,93,0.992,0.008055,4.2e-05,0.03063,0.004125,161.2,14.0,0.991333
S1.4_count_symbol,94,0.992,0.008055,4.1e-05,0.030674,0.004125,161.2,14.0,0.991333
S1.4_count_symbol,95,0.992,0.008055,4e-05,0.030699,0.004125,161.2,14.0,0.991333
S1.4_count_symbol,96,0.992,0.008055,4e-05,0.030781,0.0040625,161.2,14.0,0.991333
S1.4_count_symbol,97,0.992,0.008055,3.9e-05,0.030758,0.0040625,161.2,14.0,0.991333
S1.4_count_symbol,98,0.992,0.008055,3.9e-05,0.03078,0.0040625,161.2,14.0,0.991333
S1.4_count_symbol,99,0.992,0.008055,3.8e-05,0.030813,0.0040625,161.2,14.0,0.991333
S1.4_count_symbol,100,0.992,0.008055,3.8e-05,0.03084,0.0040625,161.2,14.0,0.991333
S1.4_count_symbol,101,0.992,0.008055,3.7e-05,0.030829,0.0040625,161.2,14.0,0.991333
S1.4_count_symbol,102,0.992,0.008055,3.7e-05,0.030833,0.0040625,161.2,14.0,0.991333
S1.4_count_symbol,103,0.992,0.008055,3.6e-05,0.030853,0.0040625,161.2,14.0,0.991333
S1.4_count_symbol,104,0.992,0.008055,3.6e-05,0.030887,0.0040625,161.2,14.0,0.991333
S1.4_count_symbol,105,0.992,0.008055,3.5e-05,0.030881,0.0040625,161.2,14.0,0.991333
S1.4_count_symbol,106,0.992,0.008055,3.5e-05,0.030907,0.0040625,161.2,14.0,0.991333
S1.4_count_symbol,107,0.992,0.008055,3.4e-05,0.030925,0.0040625,161.2,14.0,0.991333
S1.4_count_symbol,108,0.992,0.008055,3.4e-05,0.030951,0.0040625,161.2,14.0,0.991333
S1.4_count_symbol,109,0.992,0.008055,3.3e-05,0.030965,0.0040625,161.2,14.0,0.991333
S1.4_count_symbol,110,0.992,0.008055,3.3e-05,0.031,0.0040625,161.2,14.0,0.991333
S1.4_count_symbol,111,0.992,0.008055,3.3e-05,0.030991,0.0040625,161.2,14.0,0.991333
S1.4_count_symbol,112,0.992,0.008055,3.2e-05,0.031006,0.0040625,161.2,14.0,0.991333
S1.4_count_symbol,113,0.992,0.008055,3.2e-05,0.03103,0.0040625,161.2,14.0,0.991333
S1.4_count_symbol,114,0.992,0.008055,3.2e-05,0.031039,0.0040625,161.2,14.0,0.991333
S1.4_count_symbol,115,0.992,0.008055,3.1e-05,0.031044,0.0040625,161.2,14.0,0.991333
S1.4_count_symbol,116,0.992,0.008055,3.1e-05,0.031052,0.0040625,161.2,14.0,0.991333
S1.4_count_symbol,117,0.992,0.008055,3e-05,0.031083,0.00403125,161.2,14.0,0.991333
S1.4_count_symbol,118,0.992,0.008055,3e-05,0.031096,0.00403125,161.2,14.0,0.991333
S1.4_count_symbol,119,0.992,0.008055,3e-05,0.031103,0.00403125,161.2,14.0,0.991333
S1.4_count_symbol,120,0.992,0.008055,3e-05,0.031106,0.00403125,161.2,14.0,0.991333
S1.4_count_symbol,121,0.992,0.008055,2.9e-05,0.031124,0.00403125,161.2,14.0,0.991333
S1.4_count_symbol,122,0.992,0.008055,2.9e-05,0.03112,0.00403125,161.2,14.0,0.991333
S1.4_count_symbol,123,0.992,0.008055,2.9e-05,0.031122,0.00403125,161.2,14.0,0.991333
S1.4_count_symbol,124,0.992,0.008055,2.8e-05,0.031136,0.00403125,161.2,14.0,0.991333
S1.4_count_symbol,125,0.992,0.008055,2.8e-05,0.031159,0.00403125,161.2,14.0,0.991333
S1.4_count_symbol,126,0.992,0.008055,2.8e-05,0.031161,0.00403125,161.2,14.0,0.991333
S1.4_count_symbol,127,0.992,0.008055,2.7e-05,0.03116,0.00403125,161.2,14.0,0.991333
S1.4_count_symbol,128,0.992,0.008055,2.7e-05,0.031159,0.00403125,161.2,14.0,0.991333
S1.4_count_symbol,129,0.992,0.008055,2.7e-05,0.031162,0.00403125,161.2,14.0,0.991333
S1.4_count_symbol,130,0.992,0.008055,2.7e-05,0.031169,0.00403125,161.2,14.0,0.991333
S1.4_count_symbol,131,0.992,0.008055,2.7e-05,0.031187,0.00403125,161.2,14.0,0.991333
S1.4_count_symbol,132,0.992,0.008055,2.6e-05,0.031193,0.00403125,161.2,14.0,0.991333
S1.4_count_symbol,133,0.992,0.008055,2.6e-05,0.031213,0.00403125,161.2,14.0,0.991333
S1.4_count_symbol,134,0.992,0.008055,2.6e-05,0.031222,0.00403125,161.2,14.0,0.991333
S1.4_count_symbol,135,0.992,0.008055,2.6e-05,0.031219,0.00403125,161.2,14.0,0.991333
S1.4_count_symbol,136,0.992,0.008055,2.6e-05,0.031233,0.00403125,161.2,14.0,0.991333
S1.4_count_symbol,137,0.992,0.008055,2.5e-05,0.031229,0.00403125,161.2,14.0,0.991333
S1.4_count_symbol,138,0.992,0.008055,2.5e-05,0.031229,0.00401563,161.2,14.0,0.991333
S1.4_count_symbol,139,0.992,0.008055,2.5e-05,0.03124,0.00401563,161.2,14.0,0.991333
S1.4_count_symbol,140,0.992,0.008055,2.5e-05,0.031241,0.00401563,161.2,14.0,0.991333
S1.4_count_symbol,141,0.992,0.008055,2.5e-05,0.031251,0.00401563,161.2,14.0,0.991333
S1.4_count_symbol,142,0.992,0.008055,2.4e-05,0.031261,0.00401563,161.2,14.0,0.991333
S1.4_count_symbol,143,0.992,0.008055,2.4e-05,0.031267,0.00401563,161.2,14.0,0.991333
S1.4_count_symbol,144,0.992,0.008055,2.4e-05,0.031266,0.00401563,161.2,14.0,0.991333
S1.4_count_symbol,145,0.992,0.008055,2.4e-05,0.031274,0.00401563,161.2,14.0,0.991333
S1.4_count_symbol,146,0.992,0.008055,2.4e-05,0.031273,0.00401563,161.2,14.0,0.991333
S1.4_count_symbol,147,0.992,0.008055,2.4e-05,0.031283,0.00401563,161.2,14.0,0.991333
S1.4_count_symbol,148,0.992,0.008055,2.4e-05,0.031287,0.00401563,161.2,14.0,0.991333
S1.4_count_symbol,149,0.992,0.008055,2.4e-05,0.031289,0.00401563,161.2,14.0,0.991333
S1.4_count_symbol,150,0.992,0.008055,2.3e-05,0.031293,0.00401563,161.2,14.0,0.991333
S1.4_count_symbol,151,0.992,0.008055,2.3e-05,0.031296,0.00401563,161.2,14.0,0.991333
S1.4_count_symbol,152,0.992,0.008055,2.3e-05,0.031294,0.00401563,161.2,14.0,0.991333
S1.4_count_symbol,153,0.992,0.008055,2.3e-05,0.031302,0.00401563,161.2,14.0,0.991333
S1.4_count_symbol,154,0.992,0.008055,2.3e-05,0.031303,0.00401563,161.2,14.0,0.991333
S1.4_count_symbol,155,0.992,0.008055,2.2e-05,0.031307,0.00401563,161.2,14.0,0.991333
S1.4_count_symbol,156,0.992,0.008055,2.2e-05,0.031324,0.00401563,161.2,14.0,0.991333
S1.4_count_symbol,157,0.992,0.008055,2.2e-05,0.031325,0.00401563,161.2,14.0,0.991333
S1.4_count_symbol,158,0.992,0.008055,2.2e-05,0.031329,0.00401563,161.2,14.0,0.991333
S1.4_count_symbol,159,0.992,0.008055,2.2e-05,0.031332,0.00400781,161.2,14.0,0.991333
S1.4_count_symbol,160,0.992,0.008055,2.2e-05,0.031335,0.00400781,161.2,14.0,0.991333
S1.4_count_symbol,161,0.992,0.008055,2.2e-05,0.031332,0.00400781,161.2,14.0,0.991333
S1.4_count_symbol,162,0.992,0.008055,2.2e-05,0.031331,0.00400781,161.2,14.0,0.991333
S1.4_count_symbol,163,0.992,0.008055,2.2e-05,0.031336,0.00400781,161.2,14.0,0.991333
S1.4_count_symbol,164,0.992,0.008055,2.1e-05,0.031336,0.00400781,161.2,14.0,0.991333
S1.4_count_symbol,165,0.992,0.008055,2.1e-05,0.031339,0.00400781,161.2,14.0,0.991333
S1.4_count_symbol,166,0.992,0.008055,2.1e-05,0.031345,0.00400781,161.2,14.0,0.991333
S1.4_count_symbol,167,0.992,0.008055,2.1e-05,0.031351,0.00400781,161.2,14.0,0.991333
S1.4_count_symbol,168,0.992,0.008055,2.1e-05,0.031348,0.00400781,161.2,14.0,0.991333
S1.4_count_symbol,169,0.992,0.008055,2.1e-05,0.03135,0.00400781,161.2,14.0,0.991333
S1.4_count_symbol,170,0.992,0.008055,2.1e-05,0.031352,0.00400781,161.2,14.0,0.991333
S1.4_count_symbol,171,0.992,0.008055,2e-05,0.031355,0.00400781,161.2,14.0,0.991333
S1.4_count_symbol,172,0.992,0.008055,2e-05,0.031357,0.00400781,161.2,14.0,0.991333
S1.4_count_symbol,173,0.992,0.008055,2e-05,0.031362,0.00400781,161.2,14.0,0.991333
S1.4_count_symbol,174,0.992,0.008055,2e-05,0.031362,0.00400781,161.2,14.0,0.991333
S1.4_count_symbol,175,0.992,0.008055,2e-05,0.031364,0.00400781,161.2,14.0,0.991333
S1.4_count_symbol,176,0.992,0.008055,2e-05,0.031369,0.00400781,161.2,14.0,0.991333
S1.4_count_symbol,177,0.992,0.008055,2e-05,0.031375,0.00400781,161.2,14.0,0.991333
S1.4_count_symbol,178,0.992,0.008055,2e-05,0.03137,0.00400781,161.2,14.0,0.991333
S1.4_count_symbol,179,0.992,0.008055,2e-05,0.031373,0.00400781,161.2,14.0,0.991333
S1.4_count_symbol,180,0.992,0.008055,2e-05,0.031378,0.00400391,161.2,14.0,0.991333
S1.4_count_symbol,181,0.992,0.008055,2e-05,0.031379,0.00400391,161.2,14.0,0.991333
S1.4_count_symbol,182,0.992,0.008055,2e-05,0.031382,0.00400391,161.2,14.0,0.991333
S1.4_count_symbol,183,0.992,0.008055,2e-05,0.031381,0.00400391,161.2,14.0,0.991333
S1.4_count_symbol,184,0.992,0.008055,1.9e-05,0.031382,0.00400391,161.2,14.0,0.991333
S1.4_count_symbol,185,0.992,0.008055,1.9e-05,0.031385,0.00400391,161.2,14.0,0.991333
S1.4_count_symbol,186,0.992,0.008055,1.9e-05,0.031382,0.00400391,161.2,14.0,0.991333
S1.4_count_symbol,187,0.992,0.008055,1.9e-05,0.031383,0.00400391,161.2,14.0,0.991333
S1.4_count_symbol,188,0.992,0.008055,1.9e-05,0.031385,0.00400391,161.2,14.0,0.991333
S1.4_count_symbol,189,0.992,0.008055,1.9e-05,0.031387,0.00400391,161.2,14.0,0.991333
S1.4_count_symbol,190,0.992,0.008055,1.9e-05,0.031389,0.00400391,161.2,14.0,0.991333
S1.4_count_symbol,191,0.992,0.008055,1.9e-05,0.031386,0.00400391,161.2,14.0,0.991333
S1.4_count_symbol,192,0.992,0.008055,1.9e-05,0.031387,0.00400391,161.2,14.0,0.991333
S1.4_count_symbol,193,0.992,0.008055,1.9e-05,0.031389,0.00400391,161.2,14.0,0.991333
S1.4_count_symbol,194,0.992,0.008055,1.9e-05,0.03139,0.00400391,161.2,14.0,0.991333
S1.4_count_symbol,195,0.992,0.008055,1.9e-05,0.031394,0.00400391,161.2,14.0,0.991333
S1.4_count_symbol,196,0.992,0.008055,1.9e-05,0.031392,0.00400391,161.2,14.0,0.991333
S1.4_count_symbol,197,0.992,0.008055,1.9e-05,0.031395,0.00400391,161.2,14.0,0.991333
S1.4_count_symbol,198,0.992,0.008055,1.9e-05,0.031398,0.00400391,161.2,14.0,0.991333
S1.4_count_symbol,199,0.992,0.008055,1.8e-05,0.031401,0.00400391,161.2,14.0,0.991333
S1.4_count_symbol,200,0.992,0.008055,1.8e-05,0.0314,0.00400391,161.2,14.0,0.991333
S2.2_balanced_parens,1,0.972,0.008844,0.341475,0.08969,0.005,90.8,14.4,0.996667
S2.2_balanced_parens,2,0.972,0.008844,0.133673,0.082389,0.005,90.8,14.4,0.996667
S2.2_balanced_parens,3,0.972,0.008844,0.120492,0.09328,0.005,90.8,14.4,0.996667
S2.2_balanced_parens,4,0.973333,0.01075,0.108101,0.071848,0.005,90.8,14.4,0.996667
S2.2_balanced_parens,5,0.970667,0.007424,0.091127,0.066333,0.005,90.8,14.4,0.996667
S2.2_balanced_parens,6,0.973333,0.008944,0.075527,0.053091,0.005,90.8,14.4,0.996667
S2.2_balanced_parens,7,0.978667,0.01147,0.060294,0.044482,0.005,90.8,14.4,0.996667
S2.2_balanced_parens,8,0.976667,0.010541,0.048073,0.06063,0.005,90.8,14.4,0.996667
S2.2_balanced_parens,9,0.974667,0.015578,0.05258,0.040937,0.005,90.8,14.4,0.996667
S2.2_balanced_parens,10,0.988,0.007775,0.040734,0.045941,0.005,90.8,14.4,0.996667
S2.2_balanced_parens,11,0.989333,0.004422,0.028919,0.031521,0.005,90.8,14.4,0.996667
S2.2_balanced_parens,12,0.991333,0.006864,0.022484,0.02422,0.005,90.8,14.4,0.996667
S2.2_balanced_parens,13,0.995333,0.003399,0.021424,0.024928,0.005,90.8,14.4,0.996667
S2.2_balanced_parens,14,0.992,0.005812,0.015184,0.021585,0.005,90.8,14.4,0.996667
S2.2_balanced_parens,15,0.996667,0.003651,0.012329,0.013482,0.005,90.8,14.4,0.996667
S2.2_balanced_parens,16,0.995333,0.003399,0.009501,0.020275,0.005,90.8,14.4,0.996667
S2.2_balanced_parens,17,0.994,0.008794,0.009061,0.00871,0.005,90.8,14.4,0.996667
S2.2_balanced_parens,18,0.996,0.003887,0.008616,0.012793,0.005,90.8,14.4,0.996667
S2.2_balanced_parens,19,0.996667,0.003651,0.007141,0.010787,0.005,90.8,14.4,0.996667
S2.2_balanced_parens,20,0.997333,0.002495,0.005357,0.008335,0.005,90.8,14.4,0.996667
S2.2_balanced_parens,21,0.996667,0.002982,0.004328,0.010516,0.005,90.8,14.4,0.996667
S2.2_balanced_parens,22,0.997333,0.002495,0.003285,0.008337,0.005,90.8,14.4,0.996667
S2.2_balanced_parens,23,0.997333,0.002495,0.00237,0.00602,0.005,90.8,14.4,0.996667
S2.2_balanced_parens,24,0.995333,0.002667,0.001619,0.006601,0.005,90.8,14.4,0.996667
S2.2_balanced_parens,25,0.997333,0.002495,0.001568,0.00495,0.005,90.8,14.4,0.996667
S2.2_balanced_parens,26,0.997333,0.002495,0.001944,0.005144,0.005,90.8,14.4,0.996667
S2.2_balanced_parens,27,0.995333,0.004989,0.00158,0.012584,0.005,90.8,14.4,0.996667
S2.2_balanced_parens,28,0.996667,0.002982,0.002704,0.003291,0.005,90.8,14.4,0.996667
S2.2_balanced_parens,29,0.996667,0.002982,0.002009,0.008612,0.005,90.8,14.4,0.996667
S2.2_balanced_parens,30,0.995333,0.003399,0.002068,0.004259,0.005,90.8,14.4,0.996667
S2.2_balanced_parens,31,0.996667,0.002982,0.001884,0.00303,0.005,90.8,14.4,0.996667
S2.2_balanced_parens,32,0.996667,0.002982,0.000816,0.003345,0.005,90.8,14.4,0.996667
S2.2_balanced_parens,33,0.996667,0.002108,0.000588,0.003861,0.005,90.8,14.4,0.996667
S2.2_balanced_parens,34,0.997333,0.002495,0.000749,0.003122,0.005,90.8,14.4,0.996667
S2.2_balanced_parens,35,0.996667,0.002982,0.000391,0.003047,0.005,90.8,14.4,0.996667
S2.2_balanced_parens,36,0.997333,0.002495,0.000303,0.003076,0.005,90.8,14.4,0.996667
S2.2_balanced_parens,37,0.997333,0.002495,0.000229,0.003555,0.005,90.8,14.4,0.996667
S2.2_balanced_parens,38,0.997333,0.002495,0.000178,0.002938,0.005,90.8,14.4,0.996667
S2.2_balanced_parens,39,0.997333,0.002495,0.000152,0.002964,0.005,90.8,14.4,0.996667
S2.2_balanced_parens,40,0.997333,0.002495,0.000135,0.003062,0.005,90.8,14.4,0.996667
S2.2_balanced_parens,41,0.997333,0.002495,0.000124,0.003378,0.005,90.8,14.4,0.996667
S2.2_balanced_parens,42,0.997333,0.002495,0.000121,0.003236,0.005,90.8,14.4,0.996667
S2.2_balanced_parens,43,0.997333,0.002495,0.000107,0.003178,0.005,90.8,14.4,0.996667
S2.2_balanced_parens,44,0.996667,0.002108,9.8e-05,0.003572,0.0045,90.8,14.4,0.996667
S2.2_balanced_parens,45,0.997333,0.002495,9.1e-05,0.002744,0.0045,90.8,14.4,0.996667
S2.2_balanced_parens,46,0.997333,0.002495,9e-05,0.00301,0.0045,90.8,14.4,0.996667
S2.2_balanced_parens,47,0.996667,0.002108,8.1e-05,0.003474,0.0045,90.8,14.4,0.996667
S2.2_balanced_parens,48,0.997333,0.002495,7.7e-05,0.002418,0.0045,90.8,14.4,0.996667
S2.2_balanced_parens,49,0.997333,0.002495,7.2e-05,0.003251,0.0045,90.8,14.4,0.996667
S2.2_balanced_parens,50,0.997333,0.002495,6.9e-05,0.003958,0.0045,90.8,14.4,0.996667
S2.2_balanced_parens,51,0.997333,0.002495,6.5e-05,0.003603,0.0045,90.8,14.4,0.996667
S2.2_balanced_parens,52,0.997333,0.002495,6.1e-05,0.003294,0.0045,90.8,14.4,0.996667
S2.2_balanced_parens,53,0.997333,0.002495,5.9e-05,0.003488,0.004,90.8,14.4,0.996667
S2.2_balanced_parens,54,0.997333,0.002495,5.6e-05,0.003872,0.0035,90.8,14.4,0.996667
S2.2_balanced_parens,55,0.997333,0.002495,5.3e-05,0.004078,0.0035,90.8,14.4,0.996667
S2.2_balanced_parens,56,0.997333,0.002495,5.1e-05,0.003942,0.0035,90.8,14.4,0.996667
S2.2_balanced_parens,57,0.997333,0.002495,5e-05,0.003856,0.0035,90.8,14.4,0.996667
S2.2_balanced_parens,58,0.997333,0.002495,4.7e-05,0.003754,0.0035,90.8,14.4,0.996667
S2.2_balanced_parens,59,0.997333,0.002495,4.6e-05,0.003906,0.0035,90.8,14.4,0.996667
S2.2_balanced_parens,60,0.997333,0.002495,4.5e-05,0.004015,0.0035,90.8,14.4,0.996667
S2.2_balanced_parens,61,0.997333,0.002495,4.3e-05,0.004448,0.0035,90.8,14.4,0.996667
S2.2_balanced_parens,62,0.997333,0.002495,4.3e-05,0.00412,0.0035,90.8,14.4,0.996667
S2.2_balanced_parens,63,0.997333,0.002495,4.1e-05,0.003974,0.0035,90.8,14.4,0.996667
S2.2_balanced_parens,64,0.997333,0.002495,3.9e-05,0.004006,0.0035,90.8,14.4,0.996667
S2.2_balanced_parens,65,0.997333,0.002495,3.9e-05,0.004526,0.00325,90.8,14.4,0.996667
S2.2_balanced_parens,66,0.997333,0.002495,3.9e-05,0.00416,0.00325,90.8,14.4,0.996667
S2.2_balanced_parens,67,0.997333,0.002495,3.7e-05,0.004308,0.00325,90.8,14.4,0.996667
S2.2_balanced_parens,68,0.997333,0.002495,3.6e-05,0.004115,0.00325,90.8,14.4,0.996667
S2.2_balanced_parens,69,0.997333,0.002495,3.4e-05,0.004684,0.00325,90.8,14.4,0.996667
S2.2_balanced_parens,70,0.997333,0.002495,3.4e-05,0.004293,0.00325,90.8,14.4,0.996667
S2.2_balanced_parens,71,0.997333,0.002495,3.3e-05,0.00425,0.00325,90.8,14.4,0.996667
S2.2_balanced_parens,72,0.997333,0.002495,3.2e-05,0.004317,0.00325,90.8,14.4,0.996667
S2.2_balanced_parens,73,0.997333,0.002495,3.1e-05,0.00433,0.00325,90.8,14.4,0.996667
S2.2_balanced_parens,74,0.997333,0.002495,3e-05,0.004623,0.003,90.8,14.4,0.996667
S2.2_balanced_parens,75,0.997333,0.002495,3e-05,0.004734,0.00275,90.8,14.4,0.996667
S2.2_balanced_parens,76,0.997333,0.002495,2.9e-05,0.004477,0.00275,90.8,14.4,0.996667
S2.2_balanced_parens,77,0.997333,0.002495,2.8e-05,0.004429,0.00275,90.8,14.4,0.996667
S2.2_balanced_parens,78,0.997333,0.002495,2.8e-05,0.004488,0.00275,90.8,14.4,0.996667
S2.2_balanced_parens,79,0.997333,0.002495,2.8e-05,0.004605,0.00275,90.8,14.4,0.996667
S2.2_balanced_parens,80,0.997333,0.002495,2.7e-05,0.004689,0.00275,90.8,14.4,0.996667
S2.2_balanced_parens,81,0.997333,0.002495,2.7e-05,0.004894,0.00275,90.8,14.4,0.996667
S2.2_balanced_parens,82,0.997333,0.002495,2.6e-05,0.005107,0.00275,90.8,14.4,0.996667
S2.2_balanced_parens,83,0.997333,0.002495,2.6e-05,0.00463,0.00275,90.8,14.4,0.996667
S2.2_balanced_parens,84,0.997333,0.002495,2.6e-05,0.004628,0.00275,90.8,14.4,0.996667
S2.2_balanced_parens,85,0.997333,0.002495,2.5e-05,0.004939,0.00275,90.8,14.4,0.996667
S2.2_balanced_parens,86,0.997333,0.002495,2.5e-05,0.00498,0.002625,90.8,14.4,0.996667
S2.2_balanced_parens,87,0.997333,0.002495,2.4e-05,0.004785,0.002625,90.8,14.4,0.996667
S2.2_balanced_parens,88,0.997333,0.002495,2.4e-05,0.004975,0.002625,90.8,14.4,0.996667
S2.2_balanced_parens,89,0.997333,0.002495,2.3e-05,0.004956,0.002625,90.8,14.4,0.996667
S2.2_balanced_parens,90,0.997333,0.002495,2.3e-05,0.004897,0.002625,90.8,14.4,0.996667
S2.2_balanced_parens,91,0.997333,0.002495,2.3e-05,0.005126,0.002625,90.8,14.4,0.996667
S2.2_balanced_parens,92,0.997333,0.002495,2.2e-05,0.005051,0.002625,90.8,14.4,0.996667
S2.2_balanced_parens,93,0.997333,0.002495,2.2e-05,0.005037,0.002125,90.8,14.4,0.996667
S2.2_balanced_parens,94,0.997333,0.002495,2.2e-05,0.005084,0.002125,90.8,14.4,0.996667
S2.2_balanced_parens,95,0.997333,0.002495,2.2e-05,0.005254,0.002,90.8,14.4,0.996667
S2.2_balanced_parens,96,0.996667,0.002108,2.2e-05,0.005164,0.002,90.8,14.4,0.996667
S2.2_balanced_parens,97,0.997333,0.002495,2.1e-05,0.005228,0.002,90.8,14.4,0.996667
S2.2_balanced_parens,98,0.997333,0.002495,2.1e-05,0.00517,0.002,90.8,14.4,0.996667
S2.2_balanced_parens,99,0.997333,0.002495,2.1e-05,0.005206,0.002,90.8,14.4,0.996667
S2.2_balanced_parens,100,0.997333,0.002495,2.1e-05,0.005085,0.002,90.8,14.4,0.996667
S2.2_balanced_parens,101,0.997333,0.002495,2e-05,0.005109,0.002,90.8,14.4,0.996667
S2.2_balanced_parens,102,0.997333,0.002495,2e-05,0.005306,0.002,90.8,14.4,0.996667
S2.2_balanced_parens,103,0.997333,0.002495,2e-05,0.005305,0.002,90.8,14.4,0.996667
S2.2_balanced_parens,104,0.997333,0.002495,2e-05,0.005359,0.002,90.8,14.4,0.996667
S2.2_balanced_parens,105,0.997333,0.002495,1.9e-05,0.00525,0.002,90.8,14.4,0.996667
S2.2_balanced_parens,106,0.996667,0.002108,1.9e-05,0.005265,0.002,90.8,14.4,0.996667
S2.2_balanced_parens,107,0.997333,0.002495,1.9e-05,0.005341,0.0019375,90.8,14.4,0.996667
S2.2_balanced_parens,108,0.997333,0.002495,1.9e-05,0.005233,0.0019375,90.8,14.4,0.996667
S2.2_balanced_parens,109,0.996667,0.002108,1.9e-05,0.005247,0.0019375,90.8,14.4,0.996667
S2.2_balanced_parens,110,0.997333,0.002495,1.8e-05,0.005209,0.0019375,90.8,14.4,0.996667
S2.2_balanced_parens,111,0.996667,0.002108,1.8e-05,0.005309,0.0019375,90.8,14.4,0.996667
S2.2_balanced_parens,112,0.996667,0.002108,1.8e-05,0.00541,0.0019375,90.8,14.4,0.996667
S2.2_balanced_parens,113,0.997333,0.002495,1.8e-05,0.005486,0.0019375,90.8,14.4,0.996667
S2.2_balanced_parens,114,0.996667,0.002108,1.8e-05,0.005287,0.0016875,90.8,14.4,0.996667
S2.2_balanced_parens,115,0.996667,0.002108,1.7e-05,0.005237,0.0016875,90.8,14.4,0.996667
S2.2_balanced_parens,116,0.996667,0.002108,1.7e-05,0.005495,0.001625,90.8,14.4,0.996667
S2.2_balanced_parens,117,0.996667,0.002108,1.7e-05,0.005524,0.001625,90.8,14.4,0.996667
S2.2_balanced_parens,118,0.996667,0.002108,1.7e-05,0.005494,0.001625,90.8,14.4,0.996667
S2.2_balanced_parens,119,0.996667,0.002108,1.7e-05,0.005455,0.001625,90.8,14.4,0.996667
S2.2_balanced_parens,120,0.996667,0.002108,1.7e-05,0.005446,0.001625,90.8,14.4,0.996667
S2.2_balanced_parens,121,0.996667,0.002108,1.7e-05,0.005499,0.001625,90.8,14.4,0.996667
S2.2_balanced_parens,122,0.996667,0.002108,1.7e-05,0.005443,0.001625,90.8,14.4,0.996667
S2.2_balanced_parens,123,0.996667,0.002108,1.6e-05,0.005512,0.001625,90.8,14.4,0.996667
S2.2_balanced_parens,124,0.996667,0.002108,1.6e-05,0.005545,0.001625,90.8,14.4,0.996667
S2.2_balanced_parens,125,0.996667,0.002108,1.6e-05,0.00555,0.001625,90.8,14.4,0.996667
S2.2_balanced_parens,126,0.996667,0.002108,1.6e-05,0.005547,0.001625,90.8,14.4,0.996667
S2.2_balanced_parens,127,0.996667,0.002108,1.6e-05,0.005549,0.001625,90.8,14.4,0.996667
S2.2_balanced_parens,128,0.996667,0.002108,1.6e-05,0.005561,0.00159375,90.8,14.4,0.996667
S2.2_balanced_parens,129,0.996667,0.002108,1.5e-05,0.005534,0.00159375,90.8,14.4,0.996667
S2.2_balanced_parens,130,0.996667,0.002108,1.5e-05,0.005593,0.00159375,90.8,14.4,0.996667
S2.2_balanced_parens,131,0.996667,0.002108,1.5e-05,0.005592,0.00159375,90.8,14.4,0.996667
S2.2_balanced_parens,132,0.996667,0.002108,1.5e-05,0.00562,0.00159375,90.8,14.4,0.996667
S2.2_balanced_parens,133,0.996667,0.002108,1.5e-05,0.005602,0.00159375,90.8,14.4,0.996667
S2.2_balanced_parens,134,0.996667,0.002108,1.5e-05,0.005597,0.00159375,90.8,14.4,0.996667
S2.2_balanced_parens,135,0.996667,0.002108,1.5e-05,0.005655,0.00146875,90.8,14.4,0.996667
S2.2_balanced_parens,136,0.996667,0.002108,1.5e-05,0.005631,0.00146875,90.8,14.4,0.996667
S2.2_balanced_parens,137,0.996667,0.002108,1.4e-05,0.005643,0.0014375,90.8,14.4,0.996667
S2.2_balanced_parens,138,0.996667,0.002108,1.4e-05,0.005581,0.0014375,90.8,14.4,0.996667
S2.2_balanced_parens,139,0.996667,0.002108,1.4e-05,0.00556,0.0014375,90.8,14.4,0.996667
S2.2_balanced_parens,140,0.996667,0.002108,1.4e-05,0.005587,0.0014375,90.8,14.4,0.996667
S2.2_balanced_parens,141,0.996667,0.002108,1.4e-05,0.005584,0.0014375,90.8,14.4,0.996667
S2.2_balanced_parens,142,0.996667,0.002108,1.4e-05,0.005605,0.0014375,90.8,14.4,0.996667
S2.2_balanced_parens,143,0.996667,0.002108,1.4e-05,0.005618,0.0014375,90.8,14.4,0.996667
S2.2_balanced_parens,144,0.996667,0.002108,1.4e-05,0.005642,0.0014375,90.8,14.4,0.996667
S2.2_balanced_parens,145,0.996667,0.002108,1.4e-05,0.005654,0.0014375,90.8,14.4,0.996667
S2.2_balanced_parens,146,0.996667,0.002108,1.4e-05,0.005614,0.0014375,90.8,14.4,0.996667
S2.2_balanced_parens,147,0.996667,0.002108,1.4e-05,0.00568,0.0014375,90.8,14.4,0.996667
S2.2_balanced_parens,148,0.996667,0.002108,1.3e-05,0.005603,0.0014375,90.8,14.4,0.996667
S2.2_balanced_parens,149,0.996667,0.002108,1.3e-05,0.005628,0.00142188,90.8,14.4,0.996667
S2.2_balanced_parens,150,0.996667,0.002108,1.3e-05,0.00568,0.00142188,90.8,14.4,0.996667
S2.2_balanced_parens,151,0.996667,0.002108,1.3e-05,0.005659,0.00142188,90.8,14.4,0.996667
S2.2_balanced_parens,152,0.996667,0.002108,1.3e-05,0.0057,0.00142188,90.8,14.4,0.996667
S2.2_balanced_parens,153,0.996667,0.002108,1.3e-05,0.005681,0.00142188,90.8,14.4,0.996667
S2.2_balanced_parens,154,0.996667,0.002108,1.3e-05,0.005708,0.00142188,90.8,14.4,0.996667
S2.2_balanced_parens,155,0.996667,0.002108,1.3e-05,0.005685,0.00142188,90.8,14.4,0.996667
S2.2_balanced_parens,156,0.996667,0.002108,1.3e-05,0.005684,0.00123438,90.8,14.4,0.996667
S2.2_balanced_parens,157,0.996667,0.002108,1.3e-05,0.005732,0.00123438,90.8,14.4,0.996667
S2.2_balanced_parens,158,0.996667,0.002108,1.2e-05,0.005725,0.00121875,90.8,14.4,0.996667
S2.2_balanced_parens,159,0.996667,0.002108,1.2e-05,0.005717,0.00121875,90.8,14.4,0.996667
S2.2_balanced_parens,160,0.996667,0.002108,1.2e-05,0.00569,0.00121875,90.8,14.4,0.996667
S2.2_balanced_parens,161,0.996667,0.002108,1.2e-05,0.005696,0.00121875,90.8,14.4,0.996667
S2.2_balanced_parens,162,0.996667,0.002108,1.2e-05,0.005743,0.00121875,90.8,14.4,0.996667
S2.2_balanced_parens,163,0.996667,0.002108,1.2e-05,0.005745,0.00121875,90.8,14.4,0.996667
S2.2_balanced_parens,164,0.996667,0.002108,1.2e-05,0.005737,0.00121875,90.8,14.4,0.996667
S2.2_balanced_parens,165,0.996667,0.002108,1.2e-05,0.005746,0.00121875,90.8,14.4,0.996667
S2.2_balanced_parens,166,0.996667,0.002108,1.2e-05,0.00574,0.00121875,90.8,14.4,0.996667
S2.2_balanced_parens,167,0.996667,0.002108,1.2e-05,0.005768,0.00121875,90.8,14.4,0.996667
S2.2_balanced_parens,168,0.996667,0.002108,1.2e-05,0.005747,0.00121875,90.8,14.4,0.996667
S2.2_balanced_parens,169,0.996667,0.002108,1.2e-05,0.005763,0.00121875,90.8,14.4,0.996667
S2.2_balanced_parens,170,0.996667,0.002108,1.2e-05,0.005765,0.00121094,90.8,14.4,0.996667
S2.2_balanced_parens,171,0.996667,0.002108,1.2e-05,0.005785,0.00121094,90.8,14.4,0.996667
S2.2_balanced_parens,172,0.996667,0.002108,1.2e-05,0.005774,0.00121094,90.8,14.4,0.996667
S2.2_balanced_parens,173,0.996667,0.002108,1.2e-05,0.005754,0.00121094,90.8,14.4,0.996667
S2.2_balanced_parens,174,0.996667,0.002108,1.2e-05,0.005781,0.00121094,90.8,14.4,0.996667
S2.2_balanced_parens,175,0.996667,0.002108,1.2e-05,0.005789,0.00121094,90.8,14.4,0.996667
S2.2_balanced_parens,176,0.996667,0.002108,1.2e-05,0.005798,0.00121094,90.8,14.4,0.996667
S2.2_balanced_parens,177,0.996667,0.002108,1.2e-05,0.005815,0.00111719,90.8,14.4,0.996667
S2.2_balanced_parens,178,0.996667,0.002108,1.2e-05,0.005797,0.00111719,90.8,14.4,0.996667
S2.2_balanced_parens,179,0.996667,0.002108,1.2e-05,0.005805,0.00110937,90.8,14.4,0.996667
S2.2_balanced_parens,180,0.996667,0.002108,1.2e-05,0.005807,0.00110937,90.8,14.4,0.996667
S2.2_balanced_parens,181,0.996667,0.002108,1.1e-05,0.005794,0.00110937,90.8,14.4,0.996667
S2.2_balanced_parens,182,0.996667,0.002108,1.1e-05,0.00579,0.00110937,90.8,14.4,0.996667
S2.2_balanced_parens,183,0.996667,0.002108,1.1e-05,0.005814,0.00110937,90.8,14.4,0.996667
S2.2_balanced_parens,184,0.996667,0.002108,1.1e-05,0.005795,0.00110937,90.8,14.4,0.996667
S2.2_balanced_parens,185,0.996667,0.002108,1.1e-05,0.0058,0.00110937,90.8,14.4,0.996667
S2.2_balanced_parens,186,0.996667,0.002108,1.1e-05,0.005803,0.00110937,90.8,14.4,0.996667
S2.2_balanced_parens,187,0.996667,0.002108,1.1e-05,0.005808,0.00110937,90.8,14.4,0.996667
S2.2_balanced_parens,188,0.996667,0.002108,1.1e-05,0.005803,0.00110937,90.8,14.4,0.996667
S2.2_balanced_parens,189,0.996667,0.002108,1.1e-05,0.005822,0.00110937,90.8,14.4,0.996667
S2.2_balanced_parens,190,0.996667,0.002108,1.1e-05,0.00582,0.00110937,90.8,14.4,0.996667
S2.2_balanced_parens,191,0.996667,0.002108,1.1e-05,0.00582,0.00110547,90.8,14.4,0.996667
S2.2_balanced_parens,192,0.996667,0.002108,1.1e-05,0.005835,0.00110547,90.8,14.4,0.996667
S2.2_balanced_parens,193,0.996667,0.002108,1.1e-05,0.005832,0.00110547,90.8,14.4,0.996667
S2.2_balanced_parens,194,0.996667,0.002108,1.1e-05,0.005824,0.00110547,90.8,14.4,0.996667
S2.2_balanced_parens,195,0.996667,0.002108,1.1e-05,0.005816,0.00110547,90.8,14.4,0.996667
S2.2_balanced_parens,196,0.996667,0.002108,1.1e-05,0.005816,0.00110547,90.8,14.4,0.996667
S2.2_balanced_parens,197,0.996667,0.002108,1.1e-05,0.005816,0.00110547,90.8,14.4,0.996667
S2.2_balanced_parens,198,0.996667,0.002108,1.1e-05,0.005823,0.00105859,90.8,14.4,0.996667
S2.2_balanced_parens,199,0.996667,0.002108,1.1e-05,0.005825,0.00105859,90.8,14.4,0.996667
S2.2_balanced_parens,200,0.996667,0.002108,1.1e-05,0.005828,0.00105469,90.8,14.4,0.996667
S2.3_running_min,1,0.023333,0.032042,1.821223,1.46784,0.005,16.4,69.6,0.644
S2.3_running_min,2,0.174,0.022745,1.242019,0.965639,0.005,16.4,69.6,0.644
S2.3_running_min,3,0.212667,0.014514,0.827529,0.727347,0.005,16.4,69.6,0.644
S2.3_running_min,4,0.248667,0.02247,0.634043,0.608472,0.005,16.4,69.6,0.644
S2.3_running_min,5,0.306667,0.033133,0.491096,0.495051,0.005,16.4,69.6,0.644
S2.3_running_min,6,0.344667,0.030594,0.388946,0.413568,0.005,16.4,69.6,0.644
S2.3_running_min,7,0.416667,0.031623,0.304312,0.358499,0.005,16.4,69.6,0.644
S2.3_running_min,8,0.473333,0.042843,0.234571,0.319945,0.005,16.4,69.6,0.644
S2.3_running_min,9,0.536667,0.032524,0.17438,0.272412,0.005,16.4,69.6,0.644
S2.3_running_min,10,0.577333,0.026783,0.131807,0.241871,0.005,16.4,69.6,0.644
S2.3_running_min,11,0.59,0.029288,0.103347,0.239729,0.005,16.4,69.6,0.644
S2.3_running_min,12,0.612,0.018451,0.082603,0.215602,0.005,16.4,69.6,0.644
S2.3_running_min,13,0.629333,0.019137,0.066133,0.21919,0.005,16.4,69.6,0.644
S2.3_running_min,14,0.628,0.027937,0.054733,0.220401,0.005,16.4,69.6,0.644
S2.3_running_min,15,0.633333,0.037947,0.052268,0.225501,0.005,16.4,69.6,0.644
S2.3_running_min,16,0.652,0.027455,0.040435,0.208031,0.005,16.4,69.6,0.644
S2.3_running_min,17,0.662,0.019391,0.0305,0.213417,0.005,16.4,69.6,0.644
S2.3_running_min,18,0.66,0.033133,0.025227,0.218121,0.005,16.4,69.6,0.644
S2.3_running_min,19,0.664,0.019021,0.021742,0.212961,0.005,16.4,69.6,0.644
S2.3_running_min,20,0.667333,0.024349,0.018279,0.214094,0.005,16.4,69.6,0.644
S2.3_running_min,21,0.671333,0.032565,0.018329,0.229605,0.005,16.4,69.6,0.644
S2.3_running_min,22,0.673333,0.030912,0.01897,0.221004,0.005,16.4,69.6,0.644
S2.3_running_min,23,0.655333,0.047122,0.018551,0.235793,0.005,16.4,69.6,0.644
S2.3_running_min,24,0.655333,0.038907,0.016801,0.220927,0.005,16.4,69.6,0.644
S2.3_running_min,25,0.653333,0.042269,0.014729,0.244332,0.005,16.4,69.6,0.644
S2.3_running_min,26,0.656,0.036842,0.013468,0.242768,0.005,16.4,69.6,0.644
S2.3_running_min,27,0.66,0.050111,0.012538,0.236443,0.005,16.4,69.6,0.644
S2.3_running_min,28,0.654667,0.038448,0.010822,0.258083,0.005,16.4,69.6,0.644
S2.3_running_min,29,0.661333,0.030522,0.009103,0.255721,0.005,16.4,69.6,0.644
S2.3_running_min,30,0.671333,0.040912,0.009183,0.245506,0.005,16.4,69.6,0.644
S2.3_running_min,31,0.661333,0.025786,0.012176,0.249885,0.005,16.4,69.6,0.644
S2.3_running_min,32,0.668,0.028016,0.010699,0.2527,0.005,16.4,69.6,0.644
S2.3_running_min,33,0.661333,0.026466,0.007641,0.251396,0.005,16.4,69.6,0.644
S2.3_running_min,34,0.659333,0.035428,0.007131,0.252333,0.0045,16.4,69.6,0.644
S2.3_running_min,35,0.676667,0.026077,0.00534,0.249069,0.004,16.4,69.6,0.644
S2.3_running_min,36,0.681333,0.031944,0.002949,0.24715,0.0035,16.4,69.6,0.644
S2.3_running_min,37,0.679333,0.026111,0.001845,0.249986,0.0035,16.4,69.6,0.644
S2.3_running_min,38,0.680667,0.025069,0.001422,0.248539,0.0035,16.4,69.6,0.644
S2.3_running_min,39,0.679333,0.027031,0.001245,0.248204,0.003,16.4,69.6,0.644
S2.3_running_min,40,0.682667,0.027276,0.00108,0.249254,0.003,16.4,69.6,0.644
S2.3_running_min,41,0.684,0.029993,0.001016,0.250626,0.003,16.4,69.6,0.644
S2.3_running_min,42,0.686667,0.031903,0.000952,0.250919,0.003,16.4,69.6,0.644
S2.3_running_min,43,0.685333,0.034293,0.000894,0.251585,0.0025,16.4,69.6,0.644
S2.3_running_min,44,0.686,0.034085,0.000852,0.252587,0.0025,16.4,69.6,0.644
S2.3_running_min,45,0.687333,0.033493,0.000819,0.253407,0.0025,16.4,69.6,0.644
S2.3_running_min,46,0.686,0.031227,0.000783,0.25395,0.0025,16.4,69.6,0.644
S2.3_running_min,47,0.687333,0.032069,0.000753,0.254803,0.0025,16.4,69.6,0.644
S2.3_running_min,48,0.687333,0.032069,0.000728,0.255446,0.0025,16.4,69.6,0.644
S2.3_running_min,49,0.686667,0.032455,0.000703,0.256262,0.0025,16.4,69.6,0.644
S2.3_running_min,50,0.686,0.03193,0.000679,0.256953,0.0025,16.4,69.6,0.644
S2.3_running_min,51,0.686,0.03193,0.000658,0.257344,0.0025,16.4,69.6,0.644
S2.3_running_min,52,0.684667,0.030008,0.000636,0.257915,0.0025,16.4,69.6,0.644
S2.3_running_min,53,0.687333,0.034602,0.000617,0.258951,0.0025,16.4,69.6,0.644
S2.3_running_min,54,0.686,0.031298,0.000598,0.259724,0.0025,16.4,69.6,0.644
S2.3_running_min,55,0.686,0.032483,0.000581,0.260406,0.00225,16.4,69.6,0.644
S2.3_running_min,56,0.689333,0.032755,0.000563,0.260637,0.002,16.4,69.6,0.644
S2.3_running_min,57,0.688,0.03324,0.000548,0.261305,0.00175,16.4,69.6,0.644
S2.3_running_min,58,0.687333,0.032208,0.000538,0.262163,0.00175,16.4,69.6,0.644
S2.3_running_min,59,0.687333,0.030797,0.000528,0.262232,0.00175,16.4,69.6,0.644
S2.3_running_min,60,0.686667,0.031198,0.000518,0.262678,0.0015,16.4,69.6,0.644
S2.3_running_min,61,0.686,0.030797,0.000509,0.263105,0.0015,16.4,69.6,0.644
S2.3_running_min,62,0.686667,0.031198,0.000501,0.263467,0.0015,16.4,69.6,0.644
S2.3_running_min,63,0.688,0.031805,0.000494,0.263831,0.0015,16.4,69.6,0.644
S2.3_running_min,64,0.688,0.031805,0.000486,0.264221,0.00125,16.4,69.6,0.644
S2.3_running_min,65,0.688,0.031805,0.000478,0.264558,0.00125,16.4,69.6,0.644
S2.3_running_min,66,0.688,0.028566,0.000472,0.264852,0.00125,16.4,69.6,0.644
S2.3_running_min,67,0.688,0.028566,0.000465,0.265285,0.00125,16.4,69.6,0.644
S2.3_running_min,68,0.687333,0.02752,0.000458,0.26563,0.00125,16.4,69.6,0.644
S2.3_running_min,69,0.688,0.029784,0.000452,0.265971,0.00125,16.4,69.6,0.644
S2.3_running_min,70,0.688667,0.029635,0.000447,0.266254,0.00125,16.4,69.6,0.644
S2.3_running_min,71,0.687333,0.028705,0.00044,0.266535,0.00125,16.4,69.6,0.644
S2.3_running_min,72,0.687333,0.028079,0.000434,0.266767,0.00125,16.4,69.6,0.644
S2.3_running_min,73,0.688,0.028331,0.000428,0.267125,0.00125,16.4,69.6,0.644
S2.3_running_min,74,0.688,0.028331,0.000424,0.267314,0.00125,16.4,69.6,0.644
S2.3_running_min,75,0.688,0.027697,0.000417,0.267798,0.00125,16.4,69.6,0.644
S2.3_running_min,76,0.688,0.025786,0.000412,0.26805,0.001125,16.4,69.6,0.644
S2.3_running_min,77,0.688667,0.025439,0.000406,0.268485,0.001,16.4,69.6,0.644
S2.3_running_min,78,0.688667,0.025439,0.000401,0.268561,0.000875,16.4,69.6,0.644
S2.3_running_min,79,0.688667,0.025439,0.000396,0.268958,0.000875,16.4,69.6,0.644
S2.3_running_min,80,0.688667,0.025439,0.000394,0.269219,0.000875,16.4,69.6,0.644
S2.3_running_min,81,0.688667,0.025439,0.00039,0.269322,0.00075,16.4,69.6,0.644
S2.3_running_min,82,0.688,0.025786,0.000388,0.26955,0.00075,16.4,69.6,0.644
S2.3_running_min,83,0.688667,0.026298,0.000384,0.26979,0.00075,16.4,69.6,0.644
S2.3_running_min,84,0.688667,0.026213,0.000381,0.270018,0.00075,16.4,69.6,0.644
S2.3_running_min,85,0.688667,0.026213,0.000379,0.270189,0.000625,16.4,69.6,0.644
S2.3_running_min,86,0.688667,0.026213,0.000376,0.270321,0.000625,16.4,69.6,0.644
S2.3_running_min,87,0.689333,0.027195,0.000374,0.27052,0.000625,16.4,69.6,0.644
S2.3_running_min,88,0.688,0.02655,0.000371,0.270707,0.000625,16.4,69.6,0.644
S2.3_running_min,89,0.688667,0.026213,0.000369,0.27082,0.000625,16.4,69.6,0.644
S2.3_running_min,90,0.689333,0.027276,0.000365,0.270976,0.000625,16.4,69.6,0.644
S2.3_running_min,91,0.688667,0.026298,0.000363,0.271149,0.000625,16.4,69.6,0.644
S2.3_running_min,92,0.688667,0.026298,0.000361,0.271255,0.000625,16.4,69.6,0.644
S2.3_running_min,93,0.688667,0.026298,0.000358,0.271412,0.000625,16.4,69.6,0.644
S2.3_running_min,94,0.688667,0.026298,0.000356,0.271616,0.000625,16.4,69.6,0.644
S2.3_running_min,95,0.689333,0.026866,0.000353,0.271747,0.000625,16.4,69.6,0.644
S2.3_running_min,96,0.689333,0.026866,0.000351,0.271984,0.000625,16.4,69.6,0.644
S2.3_running_min,97,0.688667,0.026298,0.000349,0.272143,0.0005625,16.4,69.6,0.644
S2.3_running_min,98,0.689333,0.026866,0.000346,0.272194,0.0005,16.4,69.6,0.644
S2.3_running_min,99,0.689333,0.026866,0.000344,0.272321,0.0004375,16.4,69.6,0.644
S2.3_running_min,100,0.688667,0.027293,0.000342,0.272491,0.0004375,16.4,69.6,0.644
S2.3_running_min,101,0.689333,0.027113,0.00034,0.27257,0.0004375,16.4,69.6,0.644
S2.3_running_min,102,0.688667,0.027293,0.000339,0.272701,0.000375,16.4,69.6,0.644
S2.3_running_min,103,0.688667,0.027293,0.000337,0.272785,0.000375,16.4,69.6,0.644
S2.3_running_min,104,0.688667,0.027293,0.000336,0.272894,0.000375,16.4,69.6,0.644
S2.3_running_min,105,0.688667,0.027293,0.000335,0.272996,0.000375,16.4,69.6,0.644
S2.3_running_min,106,0.688667,0.027293,0.000334,0.273082,0.0003125,16.4,69.6,0.644
S2.3_running_min,107,0.688667,0.027293,0.000332,0.2732,0.0003125,16.4,69.6,0.644
S2.3_running_min,108,0.689333,0.027921,0.000332,0.273247,0.0003125,16.4,69.6,0.644
S2.3_running_min,109,0.688667,0.027293,0.00033,0.273297,0.0003125,16.4,69.6,0.644
S2.3_running_min,110,0.688667,0.027293,0.000329,0.273431,0.0003125,16.4,69.6,0.644
S2.3_running_min,111,0.69,0.02708,0.000327,0.273511,0.0003125,16.4,69.6,0.644
S2.3_running_min,112,0.689333,0.027921,0.000327,0.273579,0.0003125,16.4,69.6,0.644
S2.3_running_min,113,0.69,0.02708,0.000325,0.273638,0.0003125,16.4,69.6,0.644
S2.3_running_min,114,0.69,0.02708,0.000324,0.273742,0.0003125,16.4,69.6,0.644
S2.3_running_min,115,0.69,0.02708,0.000322,0.273856,0.0003125,16.4,69.6,0.644
S2.3_running_min,116,0.69,0.02708,0.000322,0.273953,0.0003125,16.4,69.6,0.644
S2.3_running_min,117,0.69,0.02708,0.00032,0.274052,0.0003125,16.4,69.6,0.644
S2.3_running_min,118,0.69,0.02708,0.00032,0.274118,0.00028125,16.4,69.6,0.644
S2.3_running_min,119,0.69,0.02708,0.000318,0.274186,0.00025,16.4,69.6,0.644
S2.3_running_min,120,0.69,0.02708,0.000318,0.274258,0.00021875,16.4,69.6,0.644
S2.3_running_min,121,0.69,0.02708,0.000316,0.274342,0.00021875,16.4,69.6,0.644
S2.3_running_min,122,0.69,0.02708,0.000316,0.274395,0.00021875,16.4,69.6,0.644
S2.3_running_min,123,0.69,0.02708,0.000314,0.274424,0.0001875,16.4,69.6,0.644
S2.3_running_min,124,0.69,0.02708,0.000315,0.274488,0.0001875,16.4,69.6,0.644
S2.3_running_min,125,0.69,0.02708,0.000313,0.274581,0.0001875,16.4,69.6,0.644
S2.3_running_min,126,0.69,0.02708,0.000312,0.274647,0.0001875,16.4,69.6,0.644
S2.3_running_min,127,0.69,0.02708,0.000312,0.274651,0.00015625,16.4,69.6,0.644
S2.3_running_min,128,0.69,0.02708,0.000311,0.274681,0.00015625,16.4,69.6,0.644
S2.3_running_min,129,0.69,0.02708,0.000311,0.274775,0.00015625,16.4,69.6,0.644
S2.3_running_min,130,0.69,0.02708,0.00031,0.274824,0.00015625,16.4,69.6,0.644
S2.3_running_min,131,0.69,0.02708,0.000309,0.274851,0.00015625,16.4,69.6,0.644
S2.3_running_min,132,0.690667,0.027761,0.000309,0.274895,0.00015625,16.4,69.6,0.644
S2.3_running_min,133,0.690667,0.027761,0.000308,0.274943,0.00015625,16.4,69.6,0.644
S2.3_running_min,134,0.690667,0.027761,0.000308,0.275009,0.00015625,16.4,69.6,0.644
S2.3_running_min,135,0.690667,0.027761,0.000307,0.275046,0.00015625,16.4,69.6,0.644
S2.3_running_min,136,0.690667,0.027761,0.000306,0.275087,0.00015625,16.4,69.6,0.644
S2.3_running_min,137,0.690667,0.027761,0.000305,0.275133,0.00015625,16.4,69.6,0.644
S2.3_running_min,138,0.690667,0.027761,0.000305,0.275183,0.00015625,16.4,69.6,0.644
S2.3_running_min,139,0.690667,0.027761,0.000305,0.275207,0.00014063,16.4,69.6,0.644
S2.3_running_min,140,0.690667,0.027761,0.000304,0.275271,0.000125,16.4,69.6,0.644
S2.3_running_min,141,0.690667,0.027761,0.000303,0.275314,0.00010938,16.4,69.6,0.644
S2.3_running_min,142,0.690667,0.027761,0.000303,0.275346,0.00010938,16.4,69.6,0.644
S2.3_running_min,143,0.690667,0.027761,0.000302,0.275365,0.00010938,16.4,69.6,0.644
S2.3_running_min,144,0.690667,0.027761,0.000301,0.275414,9.375e-05,16.4,69.6,0.644
S2.3_running_min,145,0.690667,0.027761,0.000302,0.275445,9.375e-05,16.4,69.6,0.644
S2.3_running_min,146,0.690667,0.027761,0.000301,0.275481,9.375e-05,16.4,69.6,0.644
S2.3_running_min,147,0.690667,0.027761,0.000301,0.275514,9.375e-05,16.4,69.6,0.644
S2.3_running_min,148,0.690667,0.027761,0.0003,0.275554,7.813e-05,16.4,69.6,0.644
S2.3_running_min,149,0.690667,0.027761,0.0003,0.275573,7.813e-05,16.4,69.6,0.644
S2.3_running_min,150,0.690667,0.027761,0.000299,0.2756,7.813e-05,16.4,69.6,0.644
S2.3_running_min,151,0.690667,0.027761,0.000299,0.27562,7.813e-05,16.4,69.6,0.644
S2.3_running_min,152,0.690667,0.027761,0.000299,0.275644,7.813e-05,16.4,69.6,0.644
S2.3_running_min,153,0.690667,0.027761,0.000299,0.275683,7.813e-05,16.4,69.6,0.644
S2.3_running_min,154,0.690667,0.027761,0.000298,0.27571,7.813e-05,16.4,69.6,0.644
S2.3_running_min,155,0.691333,0.028488,0.000298,0.275731,7.813e-05,16.4,69.6,0.644
S2.3_running_min,156,0.691333,0.028488,0.000298,0.275764,7.813e-05,16.4,69.6,0.644
S2.3_running_min,157,0.691333,0.028488,0.000298,0.275784,7.813e-05,16.4,69.6,0.644
S2.3_running_min,158,0.691333,0.028488,0.000297,0.275814,7.813e-05,16.4,69.6,0.644
S2.3_running_min,159,0.691333,0.028488,0.000297,0.275833,7.813e-05,16.4,69.6,0.644
S2.3_running_min,160,0.691333,0.028488,0.000297,0.275863,7.032e-05,16.4,69.6,0.644
S2.3_running_min,161,0.691333,0.028488,0.000296,0.275891,6.25e-05,16.4,69.6,0.644
S2.3_running_min,162,0.691333,0.028488,0.000295,0.275917,5.469e-05,16.4,69.6,0.644
S2.3_running_min,163,0.691333,0.028488,0.000295,0.275945,5.469e-05,16.4,69.6,0.644
S2.3_running_min,164,0.691333,0.028488,0.000295,0.275957,5.469e-05,16.4,69.6,0.644
S2.3_running_min,165,0.691333,0.028488,0.000295,0.275963,4.687e-05,16.4,69.6,0.644
S2.3_running_min,166,0.691333,0.028488,0.000295,0.275977,4.687e-05,16.4,69.6,0.644
S2.3_running_min,167,0.691333,0.028488,0.000294,0.276004,4.687e-05,16.4,69.6,0.644
S2.3_running_min,168,0.691333,0.028488,0.000295,0.27602,4.687e-05,16.4,69.6,0.644
S2.3_running_min,169,0.690667,0.028783,0.000295,0.276037,3.906e-05,16.4,69.6,0.644
S2.3_running_min,170,0.690667,0.028783,0.000294,0.276057,3.906e-05,16.4,69.6,0.644
S2.3_running_min,171,0.690667,0.028783,0.000294,0.276071,3.906e-05,16.4,69.6,0.644
S2.3_running_min,172,0.690667,0.028783,0.000293,0.276086,3.906e-05,16.4,69.6,0.644
S2.3_running_min,173,0.690667,0.028783,0.000294,0.276097,3.906e-05,16.4,69.6,0.644
S2.3_running_min,174,0.690667,0.028783,0.000294,0.276115,3.906e-05,16.4,69.6,0.644
S2.3_running_min,175,0.690667,0.028783,0.000293,0.27613,3.906e-05,16.4,69.6,0.644
S2.3_running_min,176,0.690667,0.028783,0.000293,0.276141,3.906e-05,16.4,69.6,0.644
S2.3_running_min,177,0.690667,0.028783,0.000293,0.276149,3.906e-05,16.4,69.6,0.644
S2.3_running_min,178,0.690667,0.028783,0.000293,0.276163,3.906e-05,16.4,69.6,0.644
S2.3_running_min,179,0.690667,0.028783,0.000292,0.276182,3.906e-05,16.4,69.6,0.644
S2.3_running_min,180,0.690667,0.028783,0.000293,0.276191,3.906e-05,16.4,69.6,0.644
S2.3_running_min,181,0.691333,0.028331,0.000291,0.276203,3.515e-05,16.4,69.6,0.644
S2.3_running_min,182,0.691333,0.028331,0.000292,0.276225,3.125e-05,16.4,69.6,0.644
S2.3_running_min,183,0.690667,0.028783,0.000293,0.276238,2.734e-05,16.4,69.6,0.644
S2.3_running_min,184,0.690667,0.028783,0.000292,0.276244,2.734e-05,16.4,69.6,0.644
S2.3_running_min,185,0.690667,0.028783,0.000291,0.276252,2.734e-05,16.4,69.6,0.644
S2.3_running_min,186,0.691333,0.028331,0.000291,0.276268,2.344e-05,16.4,69.6,0.644
S2.3_running_min,187,0.691333,0.028331,0.000291,0.276278,2.344e-05,16.4,69.6,0.644
S2.3_running_min,188,0.690667,0.028783,0.000291,0.276287,2.344e-05,16.4,69.6,0.644
S2.3_running_min,189,0.690667,0.028783,0.000291,0.276295,2.344e-05,16.4,69.6,0.644
S2.3_running_min,190,0.691333,0.028331,0.000291,0.276306,1.953e-05,16.4,69.6,0.644
S2.3_running_min,191,0.690667,0.028783,0.000291,0.276314,1.953e-05,16.4,69.6,0.644
S2.3_running_min,192,0.691333,0.028331,0.000291,0.276322,1.953e-05,16.4,69.6,0.644
S2.3_running_min,193,0.691333,0.028331,0.000291,0.276329,1.953e-05,16.4,69.6,0.644
S2.3_running_min,194,0.691333,0.028331,0.00029,0.276337,1.953e-05,16.4,69.6,0.644
S2.3_running_min,195,0.691333,0.028331,0.00029,0.276346,1.953e-05,16.4,69.6,0.644
S2.3_running_min,196,0.691333,0.028331,0.00029,0.276355,1.953e-05,16.4,69.6,0.644
S2.3_running_min,197,0.691333,0.028331,0.00029,0.276361,1.953e-05,16.4,69.6,0.644
S2.3_running_min,198,0.691333,0.028331,0.00029,0.276367,1.953e-05,16.4,69.6,0.644
S2.3_running_min,199,0.691333,0.028331,0.00029,0.276377,1.953e-05,16.4,69.6,0.644
S2.3_running_min,200,0.691333,0.028331,0.00029,0.276385,1.953e-05,16.4,69.6,0.644
